{
    "navigation" : {
        "loginBtn": "a[href='/login']",
        "registerBtn":"a[href='/register']",
        "allGalleriesBtn": "a[href='/']",
        "myGalleriesBtn": "a[href='my-galleries']",
        "createGalleryBtn": "a[href='/create']",
        "logoutBtn": "a[role='button']"
    },
    "registerNewUser": {
        "firstName": "input#first-name",
        "lastName": "input#last-name",
        "email": "input#email",
        "password": "input#password",
        "confirmedPass": "input#password-confirmation",
        "termsCheck": ".form-check-input",
        "submitBtn": "form > .btn.btn-custom",
        "h1Register": ".title-style",
        "errorEmail": ":nth-child(3) > .alert",
        "errorPassword": "div:nth-of-type(4) > .alert.alert-danger",
        "errorTerms": "div:nth-of-type(6) > .alert.alert-danger"
    },
    "login": {
        "email":"input#email",
        "password": "input#password",
        "submitBtn": "form > .btn.btn-custom",
        "h1PleaseLogin": ".title-style",
        "errorLogin": "form > .alert.alert-danger"
    },
    "createNewGallery": {
        "gallTitle": "input#title",
        "gallDescription": "input#description",
        "gallImages": "div:nth-of-type(3) > .form-group  .form-control",
        "addImageBtn": "form div:nth-of-type(3) > [type]",
        "submitBtn": "form > button:nth-of-type(1)",
        "errorTitle": "div:nth-of-type(1) > .alert.alert-danger",
        "errorDescription": "div:nth-of-type(2) > .alert.alert-danger",
        "errorImage": ".form-group > .alert.alert-danger"
    },
    "galleryNavigations": {
        "openMyFirstGallery": ":nth-child(1) > h2 > .box-title",
        "editBtn": "[type='button']",
        "deleteBtn": ":nth-child(5) > button.btn",
        "commentField": "textarea[placeholder='Comment...']",
        "submitBtn": "form > .btn.btn-custom"
    }
}
