{
    "navigation" : {
        "loginButton" : "a[href='/login']",
        "logoutButton" : ".ml-auto > :nth-child(3) > .nav-link"
      },

      "loginPage" : {
          "email": "input[id='email']",
          "password": "input[id='password']",
          "submitBtn": "button[type='submit']"

      },

      "register" : {
          "firstName": "#first-name",
          "lastName": "#last-name",
          "email": "#email",
          "password": "#password",
          "passwordConirm": "#password-confirmation",
          "terms": "[class='form-check-input']",
          "submit": "button[type='submit']"
      }
}

